code,name,listing_date,shares,listing_board
AALI,Astra Agro Lestari Tbk.,1997-12-09T00:00:00,1924688333,UTAMA
ABBA,Mahaka Media Tbk.,2002-04-03T00:00:00,2755125000,PENGEMBANGAN
ABDA,Asuransi Bina Dana Arta Tbk.,1989-07-06T00:00:00,620806680,PENGEMBANGAN
ABMM,ABM Investama Tbk.,2011-12-06T00:00:00,2753165000,UTAMA
ACES,Ace Hardware Indonesia Tbk.,2007-11-06T00:00:00,17150000000,Utama
ACST,Acset Indonusa Tbk.,2013-06-24T00:00:00,6425160000,UTAMA
ADES,Akasha Wira International Tbk.,1994-06-13T00:00:00,589896800,PENGEMBANGAN
ADHI,Adhi Karya (Persero) Tbk.,2004-03-18T00:00:00,3560849376,Utama
ADMF,Adira Dinamika Multi Finance T,2004-03-31T00:00:00,1000000000,Utama
ADMG,Polychem Indonesia Tbk,1993-10-20T00:00:00,3889179559,UTAMA
ADRO,Adaro Energy Tbk.,2008-07-16T00:00:00,31985962000,UTAMA
AGAR,Asia Sejahtera Mina Tbk.,2019-12-02T00:00:00,1000000000,PENGEMBANGAN
AGII,Aneka Gas Industri Tbk.,2016-09-28T00:00:00,3066660000,Utama
AGRO,Bank Rakyat Indonesia Agroniag,2003-08-08T00:00:00,21379233779,Utama
AGRS,Bank IBK Indonesia Tbk.,2014-12-22T00:00:00,17481603282,Pengembangan
AHAP,Asuransi Harta Aman Pratama Tb,1990-09-14T00:00:00,2940000000,PENGEMBANGAN
AIMS,Akbar Indo Makmur Stimec Tbk,2001-07-20T00:00:00,220000000,PENGEMBANGAN
AISA,FKS Food Sejahtera Tbk.,1997-06-11T00:00:00,9311800000,Utama
AKKU,Anugerah Kagum Karya Utama Tbk,2004-11-01T00:00:00,6449463636,PENGEMBANGAN
AKPI,Argha Karya Prima Industry Tbk,1992-12-18T00:00:00,612248000,Pengembangan
AKRA,AKR Corporindo Tbk.,1994-10-03T00:00:00,4014694920,Utama
AKSI,Maming Enam Sembilan Mineral T,2001-07-13T00:00:00,720000000,PENGEMBANGAN
ALDO,Alkindo Naratama Tbk.,2011-07-12T00:00:00,1100000000,PENGEMBANGAN
ALKA,Alakasa Industrindo Tbk,1990-07-12T00:00:00,507665055,Pengembangan
ALMI,Alumindo Light Metal Industry ,1997-01-02T00:00:00,616000000,PENGEMBANGAN
ALTO,Tri Banyan Tirta Tbk.,2012-07-10T00:00:00,2191870558,Utama
AMAG,Asuransi Multi Artha Guna Tbk.,2005-12-23T00:00:00,5001552516,PENGEMBANGAN
AMAN,Makmur Berkah Amanda Tbk.,2020-03-13T00:00:00,3873500000,UTAMA
AMAR,Bank Amar Indonesia Tbk.,2020-01-09T00:00:00,7954749000,PENGEMBANGAN
AMFG,Asahimas Flat Glass Tbk.,1995-11-08T00:00:00,434000000,UTAMA
AMIN,Ateliers Mecaniques D Indonesi,2015-12-10T00:00:00,1080000000,Pengembangan
AMOR,Ashmore Asset Management Indon,2020-01-14T00:00:00,1111111200,Pengembangan
AMRT,Sumber Alfaria Trijaya Tbk.,2009-01-15T00:00:00,41524501700,Utama
ANDI,Andira Agro Tbk.,2018-08-16T00:00:00,9350000000,PENGEMBANGAN
ANJT,Austindo Nusantara Jaya Tbk.,2013-05-08T00:00:00,3354175000,UTAMA
ANTM,Aneka Tambang Tbk.,1997-11-27T00:00:00,24030764725,Utama
APEX,Apexindo Pratama Duta Tbk.,2013-06-05T00:00:00,2659850000,PENGEMBANGAN
APIC,Pacific Strategic Financial Tb,2002-12-18T00:00:00,11766313488,PENGEMBANGAN
APII,Arita Prima Indonesia Tbk.,2013-10-29T00:00:00,1075760000,Pengembangan
APLI,Asiaplast Industries Tbk.,2000-05-01T00:00:00,1362671400,Utama
APLN,Agung Podomoro Land Tbk.,2010-11-11T00:00:00,22699326779,UTAMA
ARCI,Archi Indonesia Tbk.,2021-06-28T00:00:00,24835000000,Utama
ARGO,Argo Pantes Tbk,1991-01-07T00:00:00,335557450,PENGEMBANGAN
ARII,Atlas Resources Tbk.,2011-11-08T00:00:00,3131000000,Pengembangan
ARKA,Arkha Jayanti Persada Tbk.,2019-07-10T00:00:00,2000000000,PENGEMBANGAN
ARMY,Armidian Karyatama Tbk.,2017-06-21T00:00:00,9006250000,PENGEMBANGAN
ARNA,Arwana Citramulia Tbk.,2001-07-17T00:00:00,7341430976,UTAMA
ARTA,Arthavest Tbk,2002-11-05T00:00:00,446674175,PENGEMBANGAN
ARTI,Ratu Prabu Energi Tbk,2003-04-30T00:00:00,7840000000,Utama
ARTO,Bank Jago Tbk.,2016-01-12T00:00:00,13717687500,Pengembangan
ASBI,Asuransi Bintang Tbk.,1989-11-29T00:00:00,348386472,PENGEMBANGAN
ASDM,Asuransi Dayin Mitra Tbk.,1989-12-15T00:00:00,192000000,Utama
ASGR,Astra Graphia Tbk.,1989-11-15T00:00:00,1348780500,UTAMA
ASII,Astra International Tbk.,1990-04-04T00:00:00,40483553140,UTAMA
ASJT,Asuransi Jasa Tania Tbk.,2003-12-23T00:00:00,600000000,PENGEMBANGAN
ASMI,Asuransi Maximus Graha Persada,2014-01-16T00:00:00,8958380460,UTAMA
ASPI,Andalan Sakti Primaindo Tbk.,2020-02-17T00:00:00,681792805,PENGEMBANGAN
ASRI,Alam Sutera Realty Tbk.,2007-12-18T00:00:00,19649411888,Utama
ASRM,Asuransi Ramayana Tbk.,1990-03-19T00:00:00,304283840,PENGEMBANGAN
ASSA,Adi Sarana Armada Tbk.,2012-11-12T00:00:00,3397500000,UTAMA
ATAP,Trimitra Prawara Goldland Tbk.,2020-12-11T00:00:00,1250000000,PENGEMBANGAN
ATIC,Anabatic Technologies Tbk.,2015-07-08T00:00:00,2315361355,Utama
AUTO,Astra Otoparts Tbk.,1998-06-15T00:00:00,4819733000,UTAMA
AYLS,Agro Yasa Lestari Tbk.,2020-02-12T00:00:00,853423236,PENGEMBANGAN
BABP,Bank MNC Internasional Tbk.,2002-07-15T00:00:00,25121533263,Pengembangan
BACA,Bank Capital Indonesia Tbk.,2007-10-04T00:00:00,7007620051,PENGEMBANGAN
BAJA,Saranacentral Bajatama Tbk.,2011-12-21T00:00:00,1800000000,PENGEMBANGAN
BALI,Bali Towerindo Sentra Tbk.,2014-03-13T00:00:00,3934592500,Utama
BANK,Bank Aladin Syariah Tbk.,2021-02-01T00:00:00,13061141834,Pengembangan
BAPA,Bekasi Asri Pemula Tbk.,2008-01-14T00:00:00,661784520,Utama
BAPI,Bhakti Agung Propertindo Tbk.,2019-09-16T00:00:00,5591740286,Pengembangan
BATA,Sepatu Bata Tbk.,1982-03-24T00:00:00,1300000000,Utama
BAYU,Bayu Buana Tbk,1989-10-30T00:00:00,353220780,PENGEMBANGAN
BBCA,Bank Central Asia Tbk.,2000-05-31T00:00:00,24408459900,UTAMA
BBHI,Allo Bank Indonesia Tbk.,2004-06-07T00:00:00,4142587477,Pengembangan
BBKP,Bank KB Bukopin Tbk.,2006-07-10T00:00:00,32510124471,Utama
BBLD,Buana Finance Tbk.,1990-05-07T00:00:00,1645796054,PENGEMBANGAN
BBMD,Bank Mestika Dharma Tbk.,2013-07-08T00:00:00,4049189100,Utama
BBNI,Bank Negara Indonesia (Persero,1996-11-25T00:00:00,18462169893,UTAMA
BBRI,Bank Rakyat Indonesia (Persero,2003-11-10T00:00:00,122112351900,Utama
BBRM,Pelayaran Nasional Bina Buana ,2013-01-09T00:00:00,5367076248,UTAMA
BBSI,Bank Bisnis Internasional Tbk.,2020-09-07T00:00:00,2996264110,PENGEMBANGAN
BBSS,Bumi Benowo Sukses Sejahtera T,2020-04-15T00:00:00,4800016020,Pengembangan
BBTN,Bank Tabungan Negara (Persero),2009-12-17T00:00:00,10484100000,Utama
BBYB,Bank Neo Commerce Tbk.,2015-01-13T00:00:00,7187188234,UTAMA
BCAP,MNC Kapital Indonesia Tbk.,2001-06-08T00:00:00,42618850927,Utama
BCIC,Bank JTrust Indonesia Tbk.,1997-06-25T00:00:00,9912003256,Pengembangan
BCIP,Bumi Citra Permai Tbk.,2009-12-11T00:00:00,1429915525,PENGEMBANGAN
BDMN,Bank Danamon Indonesia Tbk.,1989-12-06T00:00:00,9675817341,Utama
BEBS,Berkah Beton Sadaya Tbk.,2021-03-10T00:00:00,9000000000,PENGEMBANGAN
BEEF,Estika Tata Tiara Tbk.,2019-01-10T00:00:00,1884312595,PENGEMBANGAN
BEKS,Bank Pembangunan Daerah Banten,2001-07-13T00:00:00,43403920512,Pengembangan
BELL,Trisula Textile Industries Tbk,2017-10-03T00:00:00,7250000000,PENGEMBANGAN
BESS,Batulicin Nusantara Maritim Tb,2020-03-09T00:00:00,3407484054,PENGEMBANGAN
BEST,Bekasi Fajar Industrial Estate,2012-04-10T00:00:00,9647311150,Utama
BFIN,BFI Finance  Indonesia Tbk.,1990-05-16T00:00:00,15967115620,Utama
BGTG,Bank Ganesha Tbk.,2016-05-12T00:00:00,11063309400,Pengembangan
BHAT,Bhakti Multi Artha Tbk.,2020-04-15T00:00:00,5000000000,PENGEMBANGAN
BHIT,MNC Investama Tbk.,1997-11-24T00:00:00,73766098834,Utama
BIKA,Binakarya Jaya Abadi Tbk.,2015-07-14T00:00:00,592280000,Pengembangan
BIMA,Primarindo Asia Infrastructure,1994-08-30T00:00:00,608175716,Pengembangan
BINA,Bank Ina Perdana Tbk.,2014-01-16T00:00:00,5597831250,UTAMA
BIPI,Astrindo Nusantara Infrastrukt,2010-02-11T00:00:00,44693066193,PENGEMBANGAN
BIPP,Bhuwanatala Indah Permai Tbk.,1995-10-23T00:00:00,5028669366,PENGEMBANGAN
BIRD,Blue Bird Tbk.,2014-11-05T00:00:00,2502100000,UTAMA
BISI,BISI International Tbk.,2007-05-28T00:00:00,3000000000,UTAMA
BJBR,Bank Pembangunan Daerah Jawa B,2010-07-08T00:00:00,9740399289,UTAMA
BJTM,Bank Pembangunan Daerah Jawa T,2012-07-12T00:00:00,14865343101,Utama
BKDP,Bukit Darmo Property Tbk,2007-06-15T00:00:00,7513992252,PENGEMBANGAN
BKSL,Sentul City Tbk.,1997-07-28T00:00:00,67083561082,UTAMA
BKSW,Bank QNB Indonesia Tbk.,2002-11-21T00:00:00,20232319124,Pengembangan
BLTA,Berlian Laju Tanker Tbk,1990-03-26T00:00:00,25940187103,UTAMA
BLTZ,Graha Layar Prima Tbk.,2014-04-10T00:00:00,873937142,Pengembangan
BLUE,Berkah Prima Perkasa Tbk.,2019-07-08T00:00:00,418000000,PENGEMBANGAN
BMAS,Bank Maspion Indonesia Tbk.,2013-07-11T00:00:00,4399026922,Pengembangan
BMHS,Bundamedik Tbk.,2021-07-06T00:00:00,8603416176,Utama
BMRI,Bank Mandiri (Persero) Tbk.,2003-07-14T00:00:00,46199999998,UTAMA
BMSR,Bintang Mitra Semestaraya Tbk,1999-12-29T00:00:00,1159200024,UTAMA
BMTR,Global Mediacom Tbk.,1995-07-17T00:00:00,16583997586,Utama
BNBA,Bank Bumi Arta Tbk.,2006-06-01T00:00:00,2286900000,UTAMA
BNBR,Bakrie & Brothers Tbk,1989-08-28T00:00:00,21160865261,Pengembangan
BNGA,Bank CIMB Niaga Tbk.,1989-11-29T00:00:00,24880290775,Utama
BNII,Bank Maybank Indonesia Tbk.,1989-11-21T00:00:00,75357433911,Utama
BNLI,Bank Permata Tbk.,1990-01-15T00:00:00,27762311813,Utama
BOGA,Bintang Oto Global Tbk.,2016-12-19T00:00:00,3803526210,PENGEMBANGAN
BOLA,Bali Bintang Sejahtera Tbk.,2019-06-17T00:00:00,6000000000,PENGEMBANGAN
BOLT,Garuda Metalindo Tbk.,2015-07-07T00:00:00,2343750000,PENGEMBANGAN
BOSS,Borneo Olah Sarana Sukses Tbk.,2018-02-15T00:00:00,1400000000,Pengembangan
BPFI,Batavia Prosperindo Finance Tb,2009-06-01T00:00:00,1782663575,Pengembangan
BPII,Batavia Prosperindo Internasio,2014-07-08T00:00:00,562224662,PENGEMBANGAN
BPTR,Batavia Prosperindo Trans Tbk.,2018-07-09T00:00:00,1550000000,UTAMA
BRAM,Indo Kordsa Tbk.,1990-09-05T00:00:00,450000000,UTAMA
BRIS,Bank Syariah Indonesia Tbk.,2018-05-09T00:00:00,40717485772,Utama
BRMS,Bumi Resources Minerals Tbk.,2010-12-09T00:00:00,93907762380,Pengembangan
BRNA,Berlina Tbk.,1989-11-06T00:00:00,979110000,PENGEMBANGAN
BRPT,Barito Pacific Tbk.,1993-10-01T00:00:00,93747218044,Utama
BSDE,Bumi Serpong Damai Tbk.,2008-06-06T00:00:00,21171365812,Utama
BSIM,Bank Sinarmas Tbk.,2010-12-13T00:00:00,19517921842,UTAMA
BSSR,Baramulti Suksessarana Tbk.,2012-11-08T00:00:00,2616500000,Pengembangan
BSWD,Bank Of India Indonesia Tbk.,2002-05-01T00:00:00,1374912000,Pengembangan
BTEK,Bumi Teknokultura Unggul Tbk,2004-05-14T00:00:00,46277496376,PENGEMBANGAN
BTEL,Bakrie Telecom Tbk.,2006-02-03T00:00:00,36822665755,UTAMA
BTON,Betonjaya Manunggal Tbk.,2001-07-18T00:00:00,720000000,PENGEMBANGAN
BTPN,Bank BTPN Tbk.,2008-03-12T00:00:00,8066054461,UTAMA
BTPS,Bank BTPN Syariah Tbk.,2018-05-08T00:00:00,7626663000,UTAMA
BUDI,Budi Starch & Sweetener Tbk.,1995-05-08T00:00:00,4498997362,UTAMA
BUKK,Bukaka Teknik Utama Tbk.,2015-06-29T00:00:00,2640452000,Pengembangan
BULL,Buana Lintas Lautan Tbk.,2011-05-23T00:00:00,12932237744,UTAMA
BUMI,Bumi Resources Tbk.,1990-07-30T00:00:00,74274746007,Pengembangan
BUVA,Bukit Uluwatu Villa Tbk.,2010-07-12T00:00:00,6811269200,PENGEMBANGAN
BVIC,Bank Victoria International Tb,1999-06-30T00:00:00,9442771448,Utama
BWPT,Eagle High Plantations Tbk.,2009-10-27T00:00:00,31525291000,UTAMA
BYAN,Bayan Resources Tbk.,2008-08-12T00:00:00,3333333500,Utama
CAKK,Cahayaputra Asa Keramik Tbk.,2018-10-31T00:00:00,1203300219,PENGEMBANGAN
CAMP,Campina Ice Cream Industry Tbk,2017-12-19T00:00:00,5885000000,UTAMA
CANI,Capitol Nusantara Indonesia Tb,2014-01-16T00:00:00,833440000,PENGEMBANGAN
CARE,Metro Healthcare Indonesia Tbk,2020-03-13T00:00:00,33250000000,PENGEMBANGAN
CARS,Industri dan Perdagangan Bintr,2017-04-10T00:00:00,15000000000,UTAMA
CASA,Capital Financial Indonesia Tb,2016-07-19T00:00:00,54476261036,Pengembangan
CASH,Cashlez Worldwide Indonesia Tb,2020-05-04T00:00:00,1431125517,AKSELERASI
CASS,Cardig Aero Services Tbk.,2011-12-05T00:00:00,2086950000,PENGEMBANGAN
CBMF,Cahaya Bintang Medan Tbk.,2020-04-09T00:00:00,1875000000,PENGEMBANGAN
CCSI,Communication Cable Systems In,2019-06-18T00:00:00,1000000000,PENGEMBANGAN
CEKA,Wilmar Cahaya Indonesia Tbk.,1996-07-09T00:00:00,595000000,UTAMA
CENT,Centratama Telekomunikasi Indo,2001-11-01T00:00:00,31183464900,PENGEMBANGAN
CFIN,Clipan Finance Indonesia Tbk.,1990-08-27T00:00:00,3984520457,Utama
CINT,Chitose Internasional Tbk.,2014-06-27T00:00:00,1000000000,PENGEMBANGAN
CITA,Cita Mineral Investindo Tbk.,2002-03-20T00:00:00,3960361250,PENGEMBANGAN
CITY,Natura City Developments Tbk.,2018-09-28T00:00:00,5404710955,UTAMA
CLAY,Citra Putra Realty Tbk.,2019-01-18T00:00:00,2570000000,PENGEMBANGAN
CLEO,Sariguna Primatirta Tbk.,2017-05-05T00:00:00,12000000000,Utama
CLPI,Colorpak Indonesia Tbk.,2001-11-30T00:00:00,306338500,PENGEMBANGAN
CMNP,Citra Marga Nusaphala Persada ,1995-01-10T00:00:00,5431503650,UTAMA
CMPP,AirAsia Indonesia Tbk.,1994-12-08T00:00:00,10685124441,Pengembangan
CNKO,Exploitasi Energi Indonesia Tb,2001-11-20T00:00:00,8956361206,Utama
CNTX,Century Textile Industry Tbk.,1979-05-22T00:00:00,70000000,Pengembangan
COCO,Wahana Interfood Nusantara Tbk,2019-03-20T00:00:00,560285571,Pengembangan
COWL,Cowell Development Tbk.,2007-12-19T00:00:00,4871214021,PENGEMBANGAN
CPIN,Charoen Pokphand Indonesia Tbk,1991-03-18T00:00:00,16398000000,UTAMA
CPRI,Capri Nusa Satu Properti Tbk.,2019-04-11T00:00:00,2433375005,PENGEMBANGAN
CPRO,Central Proteina Prima Tbk.,2006-11-28T00:00:00,59572382787,UTAMA
CSAP,Catur Sentosa Adiprana Tbk.,2007-12-12T00:00:00,4458352920,Utama
CSIS,Cahayasakti Investindo Sukses ,2017-05-10T00:00:00,1307000000,PENGEMBANGAN
CSMI,Cipta Selera Murni Tbk.,2020-04-09T00:00:00,816061500,PENGEMBANGAN
CSRA,Cisadane Sawit Raya Tbk.,2020-01-09T00:00:00,2050000000,Utama
CTBN,Citra Tubindo Tbk.,1989-11-28T00:00:00,800371500,UTAMA
CTRA,Ciputra Development Tbk.,1994-03-28T00:00:00,18560303397,UTAMA
CTTH,Citatah Tbk.,1996-07-03T00:00:00,1230839821,PENGEMBANGAN
DADA,Diamond Citra Propertindo Tbk.,2020-02-14T00:00:00,7177000407,Pengembangan
DART,Duta Anggada Realty Tbk.,1990-05-08T00:00:00,3141390962,UTAMA
DAYA,Duta Intidaya Tbk.,2016-06-28T00:00:00,2420547025,Pengembangan
DCII,DCI Indonesia Tbk.,2021-01-06T00:00:00,2383745900,Utama
DEAL,Dewata Freightinternational Tb,2018-11-11T00:00:00,1132748259,PENGEMBANGAN
DEFI,Danasupra Erapacific Tbk.,2001-07-06T00:00:00,687266666,PENGEMBANGAN
DEWA,Darma Henwa Tbk,2007-09-26T00:00:00,21853733792,Utama
DFAM,Dafam Property Indonesia Tbk.,2018-04-27T00:00:00,1899852850,Pengembangan
DGIK,Nusa Konstruksi Enjiniring Tbk,2007-12-19T00:00:00,5541165000,Utama
DGNS,Diagnos Laboratorium Utama Tbk,2021-01-15T00:00:00,1250000000,Pengembangan
DIGI,Arkadia Digital Media Tbk.,2018-09-18T00:00:00,1625000000,PENGEMBANGAN
DILD,Intiland Development Tbk.,1991-09-04T00:00:00,10365854185,UTAMA
DIVA,Distribusi Voucher Nusantara T,2018-11-27T00:00:00,714285700,Pengembangan
DKFT,Central Omega Resources Tbk.,1997-11-21T00:00:00,5638246600,PENGEMBANGAN
DLTA,Delta Djakarta Tbk.,1984-02-27T00:00:00,800659050,UTAMA
DMAS,Puradelta Lestari Tbk.,2015-05-29T00:00:00,48198111100,Utama
DMMX,Digital Mediatama Maxima Tbk.,2019-10-21T00:00:00,7692307700,Pengembangan
DMND,Diamond Food Indonesia Tbk.,2020-01-22T00:00:00,9468359000,UTAMA
DNAR,Bank Oke Indonesia Tbk.,2014-07-11T00:00:00,11447006258,Utama
DNET,Indoritel Makmur Internasional,2000-12-11T00:00:00,14184000000,PENGEMBANGAN
DOID,Delta Dunia Makmur Tbk.,2001-06-15T00:00:00,8621173232,Utama
DPNS,Duta Pertiwi Nusantara Tbk.,1990-08-08T00:00:00,331129952,Utama
DPUM,Dua Putra Utama Makmur Tbk.,2015-12-08T00:00:00,4175000000,Utama
DSFI,Dharma Samudera Fishing Indust,2000-03-24T00:00:00,1857135500,UTAMA
DSNG,Dharma Satya Nusantara Tbk.,2013-06-14T00:00:00,10599842400,Utama
DSSA,Dian Swastatika Sentosa Tbk,2009-12-10T00:00:00,770552320,Utama
DUCK,Jaya Bersama Indo Tbk.,2018-10-10T00:00:00,1283330000,Utama
DUTI,Duta Pertiwi Tbk,1994-11-02T00:00:00,1850000000,Pengembangan
DVLA,Darya-Varia Laboratoria Tbk.,1994-11-11T00:00:00,1120000000,Utama
DWGL,Dwi Guna Laksana Tbk.,2017-12-13T00:00:00,8711600156,PENGEMBANGAN
DYAN,Dyandra Media International Tb,2013-03-25T00:00:00,4272964279,Utama
EAST,Eastparc Hotel Tbk.,2019-07-09T00:00:00,4126366095,PENGEMBANGAN
ECII,Electronic City Indonesia Tbk.,2013-07-03T00:00:00,1334333000,PENGEMBANGAN
EDGE,Indointernet Tbk.,2021-02-08T00:00:00,404050000,Pengembangan
EKAD,Ekadharma International Tbk.,1990-08-14T00:00:00,698775000,UTAMA
ELSA,Elnusa Tbk.,2008-02-06T00:00:00,7298500000,UTAMA
ELTY,Bakrieland Development Tbk.,1995-10-30T00:00:00,43521913019,UTAMA
EMDE,Megapolitan Developments Tbk.,2011-01-12T00:00:00,3350000000,PENGEMBANGAN
EMTK,Elang Mahkota Teknologi Tbk.,2010-01-12T00:00:00,61197518483,Utama
ENRG,Energi Mega Persada Tbk.,2004-06-07T00:00:00,10364917690,Pengembangan
ENVY,Envy Technologies Indonesia Tb,2019-07-08T00:00:00,1800000000,Pengembangan
ENZO,Morenzo Abadi Perkasa Tbk.,2020-09-14T00:00:00,2162545004,PENGEMBANGAN
EPAC,Megalestari Epack Sentosaraya ,2020-07-01T00:00:00,3303400000,PENGEMBANGAN
EPMT,Enseval Putera Megatrading Tbk,1994-08-01T00:00:00,2708640000,PENGEMBANGAN
ERAA,Erajaya Swasembada Tbk.,2011-12-14T00:00:00,15950000000,UTAMA
ERTX,Eratex Djaja Tbk.,1990-08-21T00:00:00,1286539792,PENGEMBANGAN
ESIP,Sinergi Inti Plastindo Tbk.,2019-11-14T00:00:00,640001405,PENGEMBANGAN
ESSA,Surya Esa Perkasa Tbk.,2012-02-01T00:00:00,15660887000,UTAMA
ESTA,Esta Multi Usaha Tbk.,2020-03-09T00:00:00,630000000,Pengembangan
ESTI,Ever Shine Tex Tbk.,1992-10-13T00:00:00,2015208720,UTAMA
ETWA,Eterindo Wahanatama Tbk,1997-05-16T00:00:00,968297000,Utama
EXCL,XL Axiata Tbk.,2005-09-29T00:00:00,10724674776,Utama
FAPA,FAP Agri Tbk.,2021-01-04T00:00:00,3629411800,PENGEMBANGAN
FAST,Fast Food Indonesia Tbk.,1993-05-11T00:00:00,3990277158,PENGEMBANGAN
FASW,Fajar Surya Wisesa Tbk.,1994-12-19T00:00:00,2477888787,UTAMA
FILM,MD Pictures Tbk.,2018-08-07T00:00:00,9511217000,Utama
FIMP,Fimperkasa Utama Tbk.,2021-04-09T00:00:00,400000000,AKSELERASI
FIRE,Alfa Energi Investama Tbk.,2017-06-09T00:00:00,1475363179,PENGEMBANGAN
FISH,FKS Multi Agro Tbk.,2002-01-18T00:00:00,480000000,Pengembangan
FITT,Hotel Fitra International Tbk.,2019-06-11T00:00:00,600023227,PENGEMBANGAN
FLMC,Falmaco Nonwoven Industri Tbk.,2021-07-08T00:00:00,781250000,Akselerasi
FMII,Fortune Mate Indonesia Tbk,2000-06-30T00:00:00,2721000000,PENGEMBANGAN
FOOD,Sentra Food Indonesia Tbk.,2019-01-08T00:00:00,650000000,PENGEMBANGAN
FORU,Fortune Indonesia Tbk,2002-01-17T00:00:00,465224000,PENGEMBANGAN
FORZ,Forza Land Indonesia Tbk.,2017-04-28T00:00:00,1984009887,UTAMA
FPNI,Lotte Chemical Titan Tbk.,2002-03-21T00:00:00,5566414000,PENGEMBANGAN
FREN,Smartfren Telecom Tbk.,2006-11-29T00:00:00,308075363359,Utama
FUJI,Fuji Finance Indonesia Tbk.,2019-07-09T00:00:00,1105000000,PENGEMBANGAN
GAMA,Aksara Global Development Tbk.,2012-07-11T00:00:00,10011027656,UTAMA
GDST,Gunawan Dianjaya Steel Tbk.,2009-12-23T00:00:00,9242500000,PENGEMBANGAN
GDYR,Goodyear Indonesia Tbk.,1980-12-22T00:00:00,410000000,UTAMA
GEMA,Gema Grahasarana Tbk.,2002-08-12T00:00:00,1600000000,Pengembangan
GEMS,Golden Energy Mines Tbk.,2011-11-17T00:00:00,5882353000,UTAMA
GGRM,Gudang Garam Tbk.,1990-08-27T00:00:00,1924088000,UTAMA
GGRP,Gunung Raja Paksi Tbk.,2019-09-19T00:00:00,12111376157,Pengembangan
GHON,Gihon Telekomunikasi Indonesia,2018-04-09T00:00:00,550000000,UTAMA
GIAA,Garuda Indonesia (Persero) Tbk,2011-02-11T00:00:00,25886576254,Utama
GJTL,Gajah Tunggal Tbk.,1990-05-08T00:00:00,3484800000,Utama
GLOB,Globe Kita Terang Tbk.,2005-09-06T00:00:00,1111112000,Pengembangan
GLVA,Galva Technologies Tbk.,2019-12-23T00:00:00,1500000000,Pengembangan
GMFI,Garuda Maintenance Facility Ae,2017-10-10T00:00:00,28233511500,UTAMA
GMTD,Gowa Makassar Tourism Developm,2000-12-11T00:00:00,101538000,PENGEMBANGAN
GOLD,Visi Telekomunikasi Infrastruk,2010-07-07T00:00:00,1277276000,PENGEMBANGAN
GOLL,Golden Plantation Tbk.,2014-12-23T00:00:00,3665000759,Pengembangan
GOOD,Garudafood Putra Putri Jaya Tb,2018-10-10T00:00:00,36897901455,Utama
GPRA,Perdana Gapuraprima Tbk.,2007-10-10T00:00:00,4276655336,UTAMA
GSMF,Equity Development Investment ,1989-10-23T00:00:00,7454723337,PENGEMBANGAN
GTBO,Garda Tujuh Buana Tbk,2009-07-09T00:00:00,2500000000,Pengembangan
GWSA,Greenwood Sejahtera Tbk.,2011-12-23T00:00:00,7800760000,UTAMA
GZCO,Gozco Plantations Tbk.,2008-05-15T00:00:00,6000000000,Utama
HADE,Himalaya Energi Perkasa Tbk.,2004-04-12T00:00:00,2120000000,PENGEMBANGAN
HDFA,Radana Bhaskara Finance Tbk.,2011-05-10T00:00:00,6096972783,Utama
HDIT,Hensel Davest Indonesia Tbk.,2019-07-12T00:00:00,1524680000,Utama
HDTX,Panasia Indo Resources Tbk.,1990-06-06T00:00:00,3601462800,Utama
HEAL,Medikaloka Hermina Tbk.,2018-05-16T00:00:00,2978000000,Utama
HELI,Jaya Trishindo Tbk.,2018-03-27T00:00:00,832862387,PENGEMBANGAN
HERO,Hero Supermarket Tbk.,1989-08-21T00:00:00,4183634000,UTAMA
HEXA,Hexindo Adiperkasa Tbk.,1995-02-13T00:00:00,840000000,UTAMA
HITS,Humpuss Intermoda Transportasi,1997-12-15T00:00:00,7101084801,Utama
HKMU,HK Metals Utama Tbk.,2018-10-09T00:00:00,3221750000,Utama
HMSP,H.M. Sampoerna Tbk.,1990-08-15T00:00:00,116318076900,Utama
HOKI,Buyung Poetra Sembada Tbk.,2017-06-22T00:00:00,9677752680,UTAMA
HOME,Hotel Mandarine Regency Tbk.,2008-07-17T00:00:00,22212194782,PENGEMBANGAN
HOMI,Grand House Mulia Tbk.,2020-09-10T00:00:00,787500000,PENGEMBANGAN
HOPE,Harapan Duta Pertiwi Tbk.,2021-05-24T00:00:00,2129167000,PENGEMBANGAN
HOTL,Saraswati Griya Lestari Tbk.,2013-01-10T00:00:00,3550001452,UTAMA
HRME,Menteng Heritage Realty Tbk.,2019-04-12T00:00:00,5958750000,PENGEMBANGAN
HRTA,Hartadinata Abadi Tbk.,2017-06-21T00:00:00,4605262400,Utama
HRUM,Harum Energy Tbk.,2010-10-06T00:00:00,2703620000,UTAMA
IATA,Indonesia Transport & Infrastr,2006-09-13T00:00:00,10697665114,PENGEMBANGAN
IBFN,Intan Baruprana Finance Tbk.,2014-12-22T00:00:00,1517321249,PENGEMBANGAN
IBST,Inti Bangun Sejahtera Tbk.,2012-08-31T00:00:00,1350904927,UTAMA
ICBP,Indofood CBP Sukses Makmur Tbk,2010-10-07T00:00:00,11661908000,Utama
ICON,Island Concepts Indonesia Tbk.,2005-07-08T00:00:00,1089750000,Pengembangan
IDPR,Indonesia Pondasi Raya Tbk.,2015-12-10T00:00:00,2003000000,UTAMA
IFII,Indonesia Fibreboard Industry ,2019-12-10T00:00:00,9412000000,UTAMA
IFSH,Ifishdeco Tbk.,2019-12-05T00:00:00,2125000000,PENGEMBANGAN
IGAR,Champion Pacific Indonesia Tbk,1990-11-05T00:00:00,972204500,Utama
IIKP,Inti Agri Resources Tbk,2002-10-14T00:00:00,33600000000,PENGEMBANGAN
IKAI,Intikeramik Alamasri Industri ,1997-06-04T00:00:00,13305799387,UTAMA
IKAN,Era Mandiri Cemerlang Tbk.,2020-02-12T00:00:00,833333000,PENGEMBANGAN
IKBI,Sumi Indo Kabel Tbk.,1991-01-21T00:00:00,1224000000,PENGEMBANGAN
IMAS,Indomobil Sukses Internasional,1993-11-15T00:00:00,3994291039,UTAMA
IMJS,Indomobil Multi Jasa Tbk.,2013-12-10T00:00:00,8654325000,Utama
IMPC,Impack Pratama Industri Tbk.,2014-12-17T00:00:00,4833500000,Pengembangan
INAF,Indofarma Tbk.,2001-04-17T00:00:00,3099267500,Utama
INAI,Indal Aluminium Industry Tbk.,1994-12-05T00:00:00,633600000,PENGEMBANGAN
INCF,Indo Komoditi Korpora Tbk.,2016-09-06T00:00:00,1438370465,PENGEMBANGAN
INCI,Intanwijaya Internasional Tbk,1990-07-24T00:00:00,196121237,UTAMA
INCO,Vale Indonesia Tbk.,1990-05-16T00:00:00,9936338720,Utama
INDF,Indofood Sukses Makmur Tbk.,1994-07-14T00:00:00,8780426500,Utama
INDO,Royalindo Investa Wijaya Tbk.,2020-01-13T00:00:00,4312067205,PENGEMBANGAN
INDR,Indo-Rama Synthetics Tbk.,1990-08-03T00:00:00,654351707,UTAMA
INDS,Indospring Tbk.,1990-08-10T00:00:00,656249710,UTAMA
INDX,Tanah Laut Tbk,2001-05-17T00:00:00,437913588,PENGEMBANGAN
INDY,Indika Energy Tbk.,2008-06-11T00:00:00,5210192000,Utama
INKP,Indah Kiat Pulp & Paper Tbk.,1990-07-16T00:00:00,5470982941,Utama
INOV,Inocycle Technology Group Tbk.,2019-07-10T00:00:00,1808221900,PENGEMBANGAN
INPC,Bank Artha Graha Internasional,1990-08-23T00:00:00,15824882541,UTAMA
INPP,Indonesian Paradise Property T,2004-01-12T00:00:00,11181971732,PENGEMBANGAN
INPS,Indah Prakasa Sentosa Tbk.,2018-04-06T00:00:00,650000000,PENGEMBANGAN
INRU,Toba Pulp Lestari Tbk.,1990-06-18T00:00:00,1388883283,PENGEMBANGAN
INTA,Intraco Penta Tbk.,1993-08-23T00:00:00,3343935022,Pengembangan
INTD,Inter Delta Tbk,1989-12-18T00:00:00,591828000,PENGEMBANGAN
INTP,Indocement Tunggal Prakarsa Tb,1989-12-05T00:00:00,3681231699,UTAMA
IPAC,Era Graharealty Tbk.,2021-06-30T00:00:00,949868500,Akselerasi
IPCC,Indonesia Kendaraan Terminal T,2018-07-09T00:00:00,1818384820,Utama
IPCM,Jasa Armada Indonesia Tbk.,2017-12-22T00:00:00,5284811100,Utama
IPOL,Indopoly Swakarsa Industry Tbk,2010-07-09T00:00:00,6443379509,UTAMA
IPTV,MNC Vision Networks Tbk.,2019-07-08T00:00:00,42197950841,Utama
IRRA,Itama Ranoraya Tbk.,2019-10-15T00:00:00,1600000000,Pengembangan
ISAT,Indosat Tbk.,1994-10-19T00:00:00,5433933500,Utama
ISSP,Steel Pipe Industry of Indones,2013-02-22T00:00:00,7185992035,UTAMA
ITIC,Indonesian Tobacco Tbk.,2019-07-04T00:00:00,940720000,PENGEMBANGAN
ITMA,Sumber Energi Andalan Tbk.,1990-12-10T00:00:00,870701000,PENGEMBANGAN
ITMG,Indo Tambangraya Megah Tbk.,2007-12-18T00:00:00,1129925000,UTAMA
JAST,Jasnita Telekomindo Tbk.,2019-05-16T00:00:00,813626700,Pengembangan
JAWA,Jaya Agra Wattie Tbk.,2011-05-30T00:00:00,3774685500,UTAMA
JAYA,Armada Berjaya Trans Tbk.,2019-02-21T00:00:00,375000105,Pengembangan
JECC,Jembo Cable Company Tbk.,1992-11-18T00:00:00,151200000,PENGEMBANGAN
JGLE,Graha Andrasentra Propertindo ,2016-06-29T00:00:00,22581909405,PENGEMBANGAN
JIHD,Jakarta International Hotels &,1984-02-29T00:00:00,2329040482,PENGEMBANGAN
JKON,Jaya Konstruksi Manggala Prata,2007-12-04T00:00:00,16308519860,UTAMA
JKSW,Jakarta Kyoei Steel Works Tbk.,1997-08-06T00:00:00,150000000,Pengembangan
JMAS,Asuransi Jiwa Syariah Jasa Mit,2017-12-18T00:00:00,1000000000,Pengembangan
JPFA,Japfa Comfeed Indonesia Tbk.,1989-10-23T00:00:00,11726575201,UTAMA
JRPT,Jaya Real Property Tbk.,1994-06-29T00:00:00,13750000000,Utama
JSKY,Sky Energy Indonesia Tbk.,2018-03-28T00:00:00,2032540000,UTAMA
JSMR,Jasa Marga (Persero) Tbk.,2007-11-12T00:00:00,7257871200,Utama
JSPT,Jakarta Setiabudi Internasiona,1998-01-12T00:00:00,2318736000,Pengembangan
JTPE,Jasuindo Tiga Perkasa Tbk.,2002-04-16T00:00:00,1713012500,Pengembangan
KAEF,Kimia Farma Tbk.,2001-07-04T00:00:00,5554000000,Utama
KARW,ICTSI Jasa Prima Tbk.,1994-12-20T00:00:00,587152700,PENGEMBANGAN
KAYU,Darmi Bersaudara Tbk.,2019-07-04T00:00:00,665000000,Pengembangan
KBAG,Karya Bersama Anugerah Tbk.,2020-04-08T00:00:00,7150001106,PENGEMBANGAN
KBLI,KMI Wire & Cable Tbk.,1992-07-06T00:00:00,4007235107,Utama
KBLM,Kabelindo Murni Tbk.,1992-06-01T00:00:00,1120000000,PENGEMBANGAN
KBLV,First Media Tbk.,2000-02-25T00:00:00,1742167907,Pengembangan
KBRI,Kertas Basuki Rachmat Indonesi,2008-07-11T00:00:00,8687995734,PENGEMBANGAN
KDSI,Kedawung Setia Industrial Tbk.,1996-07-29T00:00:00,405000000,Pengembangan
KEEN,Kencana Energi Lestari Tbk.,2019-09-02T00:00:00,3666312500,Utama
KEJU,Mulia Boga Raya Tbk.,2019-11-25T00:00:00,1500000000,PENGEMBANGAN
KIAS,Keramika Indonesia Assosiasi T,1994-12-08T00:00:00,14929100000,PENGEMBANGAN
KICI,Kedaung Indah Can Tbk,1993-10-28T00:00:00,276000000,UTAMA
KIJA,Kawasan Industri Jababeka Tbk.,1995-01-10T00:00:00,20824888369,UTAMA
KINO,Kino Indonesia Tbk.,2015-12-11T00:00:00,1428571500,UTAMA
KIOS,Kioson Komersial Indonesia Tbk,2017-10-05T00:00:00,717239900,Pengembangan
KJEN,Krida Jaringan Nusantara Tbk.,2019-07-01T00:00:00,500000000,PENGEMBANGAN
KKGI,Resource Alam Indonesia Tbk.,1991-07-01T00:00:00,5000000000,UTAMA
KLBF,Kalbe Farma Tbk.,1991-07-30T00:00:00,46875122110,Utama
KMDS,Kurniamitra Duta Sentosa Tbk.,2020-09-07T00:00:00,800000000,PENGEMBANGAN
KMTR,Kirana Megatara Tbk.,2017-06-19T00:00:00,8215366379,PENGEMBANGAN
KOBX,Kobexindo Tractors Tbk.,2012-07-05T00:00:00,2272500000,UTAMA
KOIN,Kokoh Inti Arebama Tbk,2008-04-09T00:00:00,980843732,PENGEMBANGAN
KONI,Perdana Bangun Pusaka Tbk,1995-08-22T00:00:00,252000000,PENGEMBANGAN
KOPI,Mitra Energi Persada Tbk.,2015-05-04T00:00:00,697266668,PENGEMBANGAN
KOTA,DMS Propertindo Tbk.,2019-07-09T00:00:00,10546185701,UTAMA
KPAL,Steadfast Marine Tbk.,2018-06-08T00:00:00,1069009400,UTAMA
KPAS,Cottonindo Ariesta Tbk.,2018-10-05T00:00:00,768042959,Pengembangan
KPIG,MNC Land Tbk.,2000-03-30T00:00:00,80625726664,Pengembangan
KRAH,Grand Kartech Tbk.,2013-11-08T00:00:00,971190000,Pengembangan
KRAS,Krakatau Steel (Persero) Tbk.,2010-11-10T00:00:00,19346396900,Utama
KREN,Kresna Graha Investama Tbk.,2002-06-28T00:00:00,18208470100,UTAMA
LABA,Ladangbaja Murni Tbk.,2021-06-10T00:00:00,1000000000,Pengembangan
LAND,Trimitra Propertindo Tbk.,2018-08-23T00:00:00,2792620000,PENGEMBANGAN
LAPD,Leyand International Tbk.,2001-07-17T00:00:00,3966350139,Pengembangan
LCGP,Eureka Prima Jakarta Tbk.,2007-07-13T00:00:00,5630000914,Pengembangan
LCKM,LCK Global Kedaton Tbk.,2018-01-16T00:00:00,1000000000,Pengembangan
LEAD,Logindo Samudramakmur Tbk.,2013-12-11T00:00:00,4049616328,UTAMA
LFLO,Imago Mulia Persada Tbk.,2021-04-07T00:00:00,1300000000,AKSELERASI
LIFE,Asuransi Jiwa Sinarmas MSIG Tb,2019-07-09T00:00:00,2100000000,UTAMA
LINK,Link Net Tbk.,2014-06-02T00:00:00,2863195484,UTAMA
LION,Lion Metal Works Tbk.,1993-08-20T00:00:00,520160000,UTAMA
LMAS,Limas Indonesia Makmur Tbk,2001-12-28T00:00:00,787851525,PENGEMBANGAN
LMPI,Langgeng Makmur Industri Tbk.,1994-10-17T00:00:00,1008517669,PENGEMBANGAN
LMSH,Lionmesh Prima Tbk.,1990-06-04T00:00:00,96000000,PENGEMBANGAN
LPCK,Lippo Cikarang Tbk,1997-07-24T00:00:00,2679600000,Utama
LPGI,Lippo General Insurance Tbk.,1997-07-22T00:00:00,150000000,UTAMA
LPIN,Multi Prima Sejahtera Tbk,1990-02-05T00:00:00,425000000,PENGEMBANGAN
LPKR,Lippo Karawaci Tbk.,1996-06-28T00:00:00,70898018369,Utama
LPLI,Star Pacific Tbk,1989-10-23T00:00:00,1170432803,Pengembangan
LPPF,Matahari Department Store Tbk.,1989-10-09T00:00:00,2626148780,Utama
LPPS,Lenox Pasifik Investama Tbk.,1994-03-28T00:00:00,2588250000,PENGEMBANGAN
LRNA,Eka Sari Lorena Transport Tbk.,2014-04-15T00:00:00,350000022,PENGEMBANGAN
LSIP,PP London Sumatra Indonesia Tb,1996-07-05T00:00:00,6822863965,Utama
LTLS,Lautan Luas Tbk.,1997-07-21T00:00:00,1560000000,Utama
LUCK,Sentral Mitra Informatika Tbk.,2018-11-28T00:00:00,715749640,PENGEMBANGAN
LUCY,Lima Dua Lima Tiga Tbk.,2021-05-05T00:00:00,1035000000,AKSELERASI
MABA,Marga Abhinaya Abadi Tbk.,2017-06-22T00:00:00,15365229912,PENGEMBANGAN
MAGP,Multi Agro Gemilang Plantation,2013-01-16T00:00:00,9000000004,PENGEMBANGAN
MAIN,Malindo Feedmill Tbk.,2006-02-10T00:00:00,2238750000,Utama
MAMI,Mas Murni Indonesia Tbk,1994-02-09T00:00:00,12299116371,UTAMA
MAPA,Map Aktif Adiperkasa Tbk.,2018-07-05T00:00:00,2850400000,PENGEMBANGAN
MAPB,MAP Boga Adiperkasa Tbk.,2017-06-21T00:00:00,2170922900,PENGEMBANGAN
MAPI,Mitra Adiperkasa Tbk.,2004-11-10T00:00:00,16600000000,UTAMA
MARI,Mahaka Radio Integra Tbk.,2016-02-11T00:00:00,5252644000,PENGEMBANGAN
MARK,Mark Dynamics Indonesia Tbk.,2017-07-12T00:00:00,3800000310,UTAMA
MASA,Multistrada Arah Sarana Tbk.,2005-06-09T00:00:00,9182946945,Utama
MASB,Bank Multiarta Sentosa Tbk.,2021-06-30T00:00:00,1226902970,Pengembangan
MAYA,Bank Mayapada Internasional Tb,1997-08-29T00:00:00,11714045161,UTAMA
MBAP,Mitrabara Adiperdana Tbk.,2014-07-10T00:00:00,1227271952,PENGEMBANGAN
MBSS,Mitrabahtera Segara Sejati Tbk,2011-04-06T00:00:00,1750026639,UTAMA
MBTO,Martina Berto Tbk.,2011-01-13T00:00:00,1070000000,UTAMA
MCAS,M Cash Integrasi Tbk.,2017-11-01T00:00:00,867933300,Pengembangan
MCOR,Bank China Construction Bank I,2007-07-03T00:00:00,37540533209,UTAMA
MDIA,Intermedia Capital Tbk.,2014-04-11T00:00:00,39215538400,UTAMA
MDKA,Merdeka Copper Gold Tbk.,2015-06-19T00:00:00,22904850815,Pengembangan
MDKI,Emdeki Utama Tbk.,2017-09-25T00:00:00,2530150002,Utama
MDLN,Modernland Realty Tbk.,1993-01-18T00:00:00,12533067322,Utama
MDRN,Modern Internasional Tbk.,1991-07-16T00:00:00,7632167798,UTAMA
MEDC,Medco Energi Internasional Tbk,1994-10-12T00:00:00,25136231252,Utama
MEGA,Bank Mega Tbk.,2000-04-17T00:00:00,6894138227,UTAMA
MERK,Merck Tbk.,1981-07-23T00:00:00,448000000,PENGEMBANGAN
META,Nusantara Infrastructure Tbk.,2001-07-18T00:00:00,17710708194,UTAMA
MFIN,Mandala Multifinance Tbk.,2005-09-06T00:00:00,2650000000,Pengembangan
MFMI,Multifiling Mitra Indonesia Tb,2010-12-29T00:00:00,757581000,PENGEMBANGAN
MGLV,Panca Anugrah Wisesa Tbk.,2021-06-08T00:00:00,1900000000,Akselerasi
MGNA,Magna Investama Mandiri Tbk.,2014-07-08T00:00:00,1003080977,Pengembangan
MGRO,Mahkota Group Tbk.,2018-07-12T00:00:00,3554445700,UTAMA
MICE,Multi Indocitra Tbk.,2005-12-21T00:00:00,600000000,PENGEMBANGAN
MIDI,Midi Utama Indonesia Tbk.,2010-11-30T00:00:00,2882353000,PENGEMBANGAN
MIKA,Mitra Keluarga Karyasehat Tbk.,2015-03-24T00:00:00,14246349500,Utama
MINA,Sanurhasta Mitra Tbk.,2017-04-28T00:00:00,6562500000,Pengembangan
MIRA,Mitra International Resources ,1997-01-30T00:00:00,3961452039,Pengembangan
MITI,Mitra Investindo Tbk.,1997-07-16T00:00:00,2442988366,Pengembangan
MKNT,Mitra Komunikasi Nusantara Tbk,2015-10-26T00:00:00,5500000000,Pengembangan
MKPI,Metropolitan Kentjana Tbk.,2009-07-10T00:00:00,948194000,PENGEMBANGAN
MLBI,Multi Bintang Indonesia Tbk.,1981-12-15T00:00:00,2107000000,UTAMA
MLIA,Mulia Industrindo Tbk,1994-01-17T00:00:00,1323000000,PENGEMBANGAN
MLPL,Multipolar Tbk.,1989-11-06T00:00:00,14639632470,UTAMA
MLPT,Multipolar Technology Tbk.,2013-07-08T00:00:00,1875000000,Utama
MMLP,Mega Manunggal Property Tbk.,2015-06-12T00:00:00,6889134608,PENGEMBANGAN
MNCN,Media Nusantara Citra Tbk.,2007-06-22T00:00:00,15049787710,UTAMA
MOLI,Madusari Murni Indah Tbk.,2018-08-30T00:00:00,2334888498,PENGEMBANGAN
MPMX,Mitra Pinasthika Mustika Tbk.,2013-05-29T00:00:00,4462963276,UTAMA
MPOW,Megapower Makmur Tbk.,2017-07-05T00:00:00,816997053,PENGEMBANGAN
MPPA,Matahari Putra Prima Tbk.,1992-12-21T00:00:00,7529147920,Utama
MPRO,Maha Properti Indonesia Tbk.,2018-10-09T00:00:00,9942500000,PENGEMBANGAN
MRAT,Mustika Ratu Tbk.,1995-07-27T00:00:00,428000000,UTAMA
MREI,Maskapai Reasuransi Indonesia ,1989-09-04T00:00:00,517791681,Pengembangan
MSIN,MNC Studios International Tbk.,2018-06-08T00:00:00,11444400000,Utama
MSKY,MNC Sky Vision Tbk.,2012-07-09T00:00:00,1994370480,UTAMA
MTDL,Metrodata Electronics Tbk.,1990-04-09T00:00:00,2455376917,UTAMA
MTFN,Capitalinc Investment Tbk.,1990-04-16T00:00:00,31842082852,Pengembangan
MTLA,Metropolitan Land Tbk.,2011-06-20T00:00:00,7655126330,UTAMA
MTPS,Meta Epsi Tbk.,2019-04-10T00:00:00,2084850829,PENGEMBANGAN
MTRA,Mitra Pemuda Tbk.,2016-02-10T00:00:00,770000000,PENGEMBANGAN
MTSM,Metro Realty Tbk.,1992-01-08T00:00:00,232848000,PENGEMBANGAN
MTWI,Malacca Trust Wuwungan Insuran,2017-10-12T00:00:00,1525819116,Pengembangan
MYOH,Samindo Resources Tbk.,2000-07-27T00:00:00,2206312500,UTAMA
MYOR,Mayora Indah Tbk.,1990-07-04T00:00:00,22358699725,UTAMA
MYRX,Hanson International Tbk.,1990-10-31T00:00:00,86703220792,PENGEMBANGAN
MYTX,Asia Pacific Investama Tbk.,1989-10-10T00:00:00,7747281949,UTAMA
NASA,Andalan Perkasa Abadi Tbk.,2017-08-07T00:00:00,11004929322,Pengembangan
NATO,Surya Permata Andalan Tbk.,2019-01-18T00:00:00,8001094404,PENGEMBANGAN
NELY,Pelayaran Nelly Dwi Putri Tbk.,2012-10-11T00:00:00,2350000000,PENGEMBANGAN
NFCX,NFC Indonesia Tbk.,2018-07-12T00:00:00,666667500,Pengembangan
NICK,Charnic Capital Tbk.,2018-05-02T00:00:00,651150000,PENGEMBANGAN
NICL,PAM Mineral Tbk.,2021-07-09T00:00:00,9662500000,Pengembangan
NIKL,Pelat Timah Nusantara Tbk.,2009-12-14T00:00:00,2523350000,UTAMA
NIPS,Nipress Tbk.,1991-07-24T00:00:00,1635333332,Pengembangan
NIRO,City Retail Developments Tbk.,2012-09-13T00:00:00,22198871804,PENGEMBANGAN
NISP,Bank OCBC NISP Tbk.,1994-10-20T00:00:00,22715776032,Utama
NOBU,Bank Nationalnobu Tbk.,2013-05-20T00:00:00,4393533177,UTAMA
NPGF,Nusa Palapa Gemilang Tbk.,2021-04-14T00:00:00,3240235840,UTAMA
NRCA,Nusa Raya Cipta Tbk.,2013-06-27T00:00:00,2496258344,UTAMA
NUSA,Sinergi Megah Internusa Tbk.,2018-07-12T00:00:00,7700000148,PENGEMBANGAN
NZIA,Nusantara Almazia Tbk.,2019-09-25T00:00:00,2197540705,UTAMA
OASA,Protech Mitra Perkasa Tbk.,2016-07-18T00:00:00,358600000,PENGEMBANGAN
OCAP,Onix Capital Tbk.,2003-10-10T00:00:00,273200000,Pengembangan
OKAS,Ancora Indonesia Resources Tbk,2006-03-29T00:00:00,1765927777,PENGEMBANGAN
OMRE,Indonesia Prima Property Tbk,1994-08-22T00:00:00,1745000000,Pengembangan
OPMS,Optima Prima Metal Sinergi Tbk,2019-09-23T00:00:00,1000000000,PENGEMBANGAN
PADI,Minna Padi Investama Sekuritas,2012-01-09T00:00:00,11307246524,UTAMA
PALM,Provident Agro Tbk.,2012-10-08T00:00:00,7119540356,PENGEMBANGAN
PAMG,Bima Sakti Pertiwi Tbk.,2019-07-05T00:00:00,3125000000,UTAMA
PANI,Pratama Abadi Nusa Industri Tb,2018-09-18T00:00:00,410000000,PENGEMBANGAN
PANR,Panorama Sentrawisata Tbk.,2001-09-18T00:00:00,1200000000,UTAMA
PANS,Panin Sekuritas Tbk.,2000-05-31T00:00:00,720000000,Utama
PBID,Panca Budi Idaman Tbk.,2017-12-13T00:00:00,1875000000,UTAMA
PBRX,Pan Brothers Tbk.,1990-08-16T00:00:00,6478295611,Utama
PBSA,Paramita Bangun Sarana Tbk.,2016-09-28T00:00:00,1500000000,UTAMA
PCAR,Prima Cakrawala Abadi Tbk.,2017-12-29T00:00:00,1166666700,PENGEMBANGAN
PDES,Destinasi Tirta Nusantara Tbk,2008-07-08T00:00:00,715000000,PENGEMBANGAN
PEGE,Panca Global Kapital Tbk.,2005-06-24T00:00:00,2833417056,PENGEMBANGAN
PEHA,Phapros Tbk.,2018-12-26T00:00:00,840000000,UTAMA
PGAS,Perusahaan Gas Negara Tbk.,2003-12-15T00:00:00,24241508196,UTAMA
PGJO,Tourindo Guide Indonesia Tbk.,2020-01-08T00:00:00,723859095,AKSELERASI
PGLI,Pembangunan Graha Lestari Inda,2000-04-05T00:00:00,488000000,PENGEMBANGAN
PGUN,Pradiksi Gunatama Tbk.,2020-07-07T00:00:00,4998360000,UTAMA
PICO,Pelangi Indah Canindo Tbk,1996-09-23T00:00:00,568375000,PENGEMBANGAN
PJAA,Pembangunan Jaya Ancol Tbk.,2004-07-02T00:00:00,1599999996,Utama
PKPK,Perdana Karya Perkasa Tbk,2007-07-11T00:00:00,600000000,PENGEMBANGAN
PLAN,Planet Properindo Jaya Tbk.,2020-09-15T00:00:00,892856800,AKSELERASI
PLAS,Polaris Investama Tbk,2001-03-16T00:00:00,1184200000,PENGEMBANGAN
PLIN,Plaza Indonesia Realty Tbk.,1992-06-15T00:00:00,3550000000,UTAMA
PMJS,Putra Mandiri Jembar Tbk.,2019-12-18T00:00:00,13755600000,Pengembangan
PMMP,Panca Mitra Multiperdana Tbk.,2020-12-18T00:00:00,2353000000,Utama
PNBN,Bank Pan Indonesia Tbk,1982-12-29T00:00:00,23837645998,UTAMA
PNBS,Bank Panin Dubai Syariah Tbk.,2014-01-15T00:00:00,38425504906,UTAMA
PNGO,Pinago Utama Tbk.,2020-08-31T00:00:00,781250000,PENGEMBANGAN
PNIN,Paninvest Tbk.,1983-09-20T00:00:00,4068323920,UTAMA
PNLF,Panin Financial Tbk.,1983-06-14T00:00:00,32022073293,UTAMA
PNSE,Pudjiadi & Sons Tbk.,1990-05-01T00:00:00,797813496,PENGEMBANGAN
POLA,Pool Advista Finance Tbk.,2018-11-16T00:00:00,2727886300,PENGEMBANGAN
POLI,Pollux Investasi Internasional,2019-01-10T00:00:00,2010526400,PENGEMBANGAN
POLL,Pollux Properti Indonesia Tbk.,2018-07-11T00:00:00,8318823600,UTAMA
POLU,Golden Flower Tbk.,2019-06-26T00:00:00,750000000,PENGEMBANGAN
POLY,Asia Pacific Fibers Tbk,1991-03-12T00:00:00,2495753334,PENGEMBANGAN
POOL,Pool Advista Indonesia Tbk.,1991-05-20T00:00:00,2341366264,PENGEMBANGAN
PORT,Nusantara Pelabuhan Handal Tbk,2017-03-16T00:00:00,2813941985,Pengembangan
POSA,Bliss Properti Indonesia Tbk.,2019-05-10T00:00:00,8388870206,Pengembangan
POWR,Cikarang Listrindo Tbk.,2016-06-14T00:00:00,16087156000,PENGEMBANGAN
PPGL,Prima Globalindo Logistik Tbk.,2020-07-20T00:00:00,750020041,Akselerasi
PPRE,PP Presisi Tbk.,2017-11-24T00:00:00,10224271000,Utama
PPRO,PP Properti Tbk.,2015-05-19T00:00:00,61675671883,Utama
PRAS,Prima Alloy Steel Universal Tb,1990-07-12T00:00:00,701043478,Utama
PRDA,Prodia Widyahusada Tbk.,2016-12-07T00:00:00,937500000,Utama
PRIM,Royal Prima Tbk.,2018-05-15T00:00:00,3393434905,PENGEMBANGAN
PSAB,J Resources Asia Pasifik Tbk.,2003-04-22T00:00:00,26460000000,Pengembangan
PSDN,Prasidha Aneka Niaga Tbk,1994-10-18T00:00:00,1440000000,PENGEMBANGAN
PSGO,Palma Serasih Tbk.,2019-11-25T00:00:00,18850000000,PENGEMBANGAN
PSKT,Red Planet Indonesia Tbk.,1995-09-19T00:00:00,10351231636,PENGEMBANGAN
PSSI,Pelita Samudera Shipping Tbk.,2017-12-05T00:00:00,5417063153,Utama
PTBA,Bukit Asam Tbk.,2002-12-23T00:00:00,11520659250,UTAMA
PTDU,Djasa Ubersakti Tbk.,2020-12-08T00:00:00,1500000000,Pengembangan
PTIS,Indo Straits Tbk.,2011-07-12T00:00:00,550165300,Utama
PTPP,PP (Persero) Tbk.,2010-02-09T00:00:00,6199897354,Utama
PTPW,Pratama Widya Tbk.,2020-02-07T00:00:00,878187500,PENGEMBANGAN
PTRO,Petrosea Tbk.,1990-05-21T00:00:00,1008605000,Utama
PTSN,Sat Nusapersada Tbk,2007-11-08T00:00:00,5314344000,UTAMA
PTSP,Pioneerindo Gourmet Internatio,1994-05-30T00:00:00,220808000,PENGEMBANGAN
PUDP,Pudjiadi Prestige Tbk.,1994-11-18T00:00:00,329560000,UTAMA
PURA,Putra Rajawali Kencana Tbk.,2020-01-22T00:00:00,5774442831,Pengembangan
PURE,Trinitan Metals and Minerals T,2019-10-09T00:00:00,1375181505,UTAMA
PURI,Puri Global Sukses Tbk.,2020-09-08T00:00:00,1000000000,PENGEMBANGAN
PWON,Pakuwon Jati Tbk.,1989-10-09T00:00:00,48159602400,UTAMA
PYFA,Pyridam Farma Tbk,2001-10-16T00:00:00,535080000,PENGEMBANGAN
PZZA,Sarimelati Kencana Tbk.,2018-05-23T00:00:00,3021875000,UTAMA
RAJA,Rukun Raharja Tbk.,2006-04-19T00:00:00,4227082500,Utama
RALS,Ramayana Lestari Sentosa Tbk.,1996-07-24T00:00:00,7096000000,Utama
RANC,Supra Boga Lestari Tbk.,2012-06-07T00:00:00,1564487500,UTAMA
RBMS,Ristia Bintang Mahkotasejati T,1997-12-19T00:00:00,2656212826,UTAMA
RDTX,Roda Vivatex Tbk,1990-05-14T00:00:00,268800000,UTAMA
REAL,Repower Asia Indonesia Tbk.,2019-12-06T00:00:00,6633610151,Pengembangan
RELI,Reliance Sekuritas Indonesia T,2005-07-13T00:00:00,1800000000,UTAMA
RICY,Ricky Putra Globalindo Tbk,1998-01-22T00:00:00,641717510,UTAMA
RIGS,Rig Tenders Indonesia Tbk.,1990-03-05T00:00:00,609130000,PENGEMBANGAN
RIMO,Rimo International Lestari Tbk,2000-11-10T00:00:00,45080600000,Pengembangan
RISE,Jaya Sukses Makmur Sentosa Tbk,2018-07-09T00:00:00,9950000000,Pengembangan
RMBA,Bentoel Internasional Investam,1990-03-05T00:00:00,36401136250,Utama
ROCK,Rockfields Properti Indonesia ,2020-09-10T00:00:00,1435185100,Pengembangan
RODA,Pikko Land Development Tbk.,2001-10-22T00:00:00,13592128209,PENGEMBANGAN
RONY,Aesler Grup Internasional Tbk.,2020-04-09T00:00:00,1250000000,PENGEMBANGAN
ROTI,Nippon Indosari Corpindo Tbk.,2010-06-28T00:00:00,6186488888,Utama
RUIS,Radiant Utama Interinsco Tbk.,2006-07-12T00:00:00,770000000,Pengembangan
SAFE,Steady Safe Tbk,1994-08-15T00:00:00,615145012,PENGEMBANGAN
SAME,Sarana Meditama Metropolitan T,2013-01-11T00:00:00,11899710000,Pengembangan
SAMF,Saraswanti Anugerah Makmur Tbk,2020-03-31T00:00:00,5125000000,Utama
SAPX,Satria Antaran Prima Tbk.,2018-10-03T00:00:00,833333300,Pengembangan
SATU,Kota Satu Properti Tbk.,2018-11-05T00:00:00,1375000000,PENGEMBANGAN
SBAT,Sejahtera Bintang Abadi Textil,2020-04-08T00:00:00,2148904505,Pengembangan
SCCO,Supreme Cable Manufacturing & ,1982-07-20T00:00:00,205583400,UTAMA
SCMA,Surya Citra Media Tbk.,2002-07-16T00:00:00,14779091301,Utama
SCNP,Selaras Citra Nusantara Perkas,2020-09-07T00:00:00,2500000000,Pengembangan
SCPI,Organon Pharma Indonesia Tbk.,1990-06-08T00:00:00,3600000,PENGEMBANGAN
SDMU,Sidomulyo Selaras Tbk.,2011-07-12T00:00:00,1135225000,PENGEMBANGAN
SDPC,Millennium Pharmacon Internati,1990-05-07T00:00:00,1274000000,UTAMA
SDRA,Bank Woori Saudara Indonesia 1,2006-12-15T00:00:00,6515116991,Utama
SFAN,Surya Fajar Capital Tbk.,2019-06-19T00:00:00,1359934021,PENGEMBANGAN
SGER,Sumber Global Energy Tbk.,2020-08-10T00:00:00,1667589606,Pengembangan
SGRO,Sampoerna Agro Tbk.,2007-06-18T00:00:00,1890000000,Utama
SHID,Hotel Sahid Jaya International,1990-05-08T00:00:00,1119326168,PENGEMBANGAN
SHIP,Sillo Maritime Perdana Tbk.,2016-06-16T00:00:00,2719790000,PENGEMBANGAN
SIDO,Industri Jamu dan Farmasi Sido,2013-12-18T00:00:00,30000000000,UTAMA
SILO,Siloam International Hospitals,2013-09-12T00:00:00,1625765625,Utama
SIMA,Siwani Makmur Tbk,1994-06-03T00:00:00,442589871,PENGEMBANGAN
SIMP,Salim Ivomas Pratama Tbk.,2011-06-09T00:00:00,15816310000,Utama
SINI,Singaraja Putra Tbk.,2019-11-08T00:00:00,466429450,Pengembangan
SIPD,Sreeya Sewu Indonesia Tbk.,1996-12-27T00:00:00,1339102579,PENGEMBANGAN
SKBM,Sekar Bumi Tbk.,2012-09-28T00:00:00,1730103217,Pengembangan
SKLT,Sekar Laut Tbk.,1993-09-08T00:00:00,690740500,PENGEMBANGAN
SKRN,Superkrane Mitra Utama Tbk.,2018-10-11T00:00:00,1500000000,PENGEMBANGAN
SKYB,Northcliff Citranusa Indonesia,2010-07-07T00:00:00,585000000,PENGEMBANGAN
SLIS,Gaya Abadi Sempurna Tbk.,2019-10-07T00:00:00,2000000000,PENGEMBANGAN
SMAR,Smart Tbk.,1992-11-20T00:00:00,2872193366,PENGEMBANGAN
SMBR,Semen Baturaja (Persero) Tbk.,2013-06-28T00:00:00,9932534336,Utama
SMCB,Solusi Bangun Indonesia Tbk.,1977-08-10T00:00:00,7662900605,UTAMA
SMDM,Suryamas Dutamakmur Tbk.,1995-10-12T00:00:00,4772138237,PENGEMBANGAN
SMDR,Samudera Indonesia  Tbk.,1999-07-05T00:00:00,3275120000,Utama
SMGR,Semen Indonesia (Persero) Tbk.,1991-07-08T00:00:00,5931520000,UTAMA
SMKL,Satyamitra Kemas Lestari Tbk.,2019-07-11T00:00:00,3400000045,UTAMA
SMMA,Sinarmas Multiartha Tbk.,1995-07-05T00:00:00,6367664717,Utama
SMMT,Golden Eagle Energy Tbk.,1997-12-01T00:00:00,3150000000,PENGEMBANGAN
SMRA,Summarecon Agung Tbk.,1990-05-07T00:00:00,16508568358,UTAMA
SMRU,SMR Utama Tbk.,2011-10-10T00:00:00,12499385782,PENGEMBANGAN
SMSM,Selamat Sempurna Tbk.,1996-09-09T00:00:00,5758675440,Utama
SNLK,Sunter Lakeside Hotel Tbk.,2021-03-29T00:00:00,450000000,Pengembangan
SOCI,Soechi Lines Tbk.,2014-12-03T00:00:00,7059000000,UTAMA
SOFA,Boston Furniture Industries Tb,2020-07-07T00:00:00,1650133750,AKSELERASI
SOHO,Soho Global Health Tbk.,2020-09-08T00:00:00,1269168239,UTAMA
SONA,Sona Topas Tourism Industry Tb,1992-07-21T00:00:00,331200000,UTAMA
SOSS,Shield On Service Tbk.,2018-11-06T00:00:00,657596705,PENGEMBANGAN
SOTS,Satria Mega Kencana Tbk.,2018-12-10T00:00:00,1000000075,Pengembangan
SPMA,Suparma Tbk.,1994-11-16T00:00:00,2791233198,UTAMA
SPTO,Surya Pertiwi Tbk.,2018-05-14T00:00:00,2700000000,Pengembangan
SQMI,Wilton Makmur Indonesia Tbk.,2004-07-15T00:00:00,15537591429,Pengembangan
SRAJ,Sejahteraraya Anugrahjaya Tbk.,2011-04-11T00:00:00,12000705445,Utama
SRIL,Sri Rejeki Isman Tbk.,2013-06-17T00:00:00,20452176844,Utama
SRSN,Indo Acidatama Tbk,1993-01-11T00:00:00,6020000000,Utama
SRTG,Saratoga Investama Sedaya Tbk.,2013-06-26T00:00:00,13564835000,Utama
SSIA,Surya Semesta Internusa Tbk.,1997-03-27T00:00:00,4705249440,Utama
SSMS,Sawit Sumbermas Sarana Tbk.,2013-12-12T00:00:00,9525000000,UTAMA
SSTM,Sunson Textile Manufacture Tbk,1997-08-20T00:00:00,1170909181,PENGEMBANGAN
STAR,Buana Artha Anugerah Tbk.,2011-07-13T00:00:00,4800000602,UTAMA
STTP,Siantar Top Tbk.,1996-12-16T00:00:00,1310000000,PENGEMBANGAN
SUGI,Sugih Energy Tbk.,2002-06-19T00:00:00,24811541414,PENGEMBANGAN
SULI,SLJ Global Tbk.,1994-03-21T00:00:00,3986916802,UTAMA
SUPR,Solusi Tunas Pratama Tbk.,2011-10-11T00:00:00,1137579698,Pengembangan
SURE,Super Energy Tbk.,2018-10-05T00:00:00,1497576771,PENGEMBANGAN
SWAT,Sriwahana Adityakarta Tbk.,2018-06-08T00:00:00,3019200000,PENGEMBANGAN
TALF,Tunas Alfin Tbk.,2014-01-17T00:00:00,1353435000,PENGEMBANGAN
TAMA,Lancartama Sejati Tbk.,2020-02-10T00:00:00,1000000005,PENGEMBANGAN
TAMU,Pelayaran Tamarin Samudra Tbk.,2017-05-10T00:00:00,37500000000,PENGEMBANGAN
TAPG,Triputra Agro Persada Tbk.,2021-04-12T00:00:00,19852540000,Utama
TARA,Agung Semesta Sejahtera Tbk.,2014-07-11T00:00:00,10069645750,UTAMA
TAXI,Express Transindo Utama Tbk.,2012-11-02T00:00:00,10223647156,UTAMA
TBIG,Tower Bersama Infrastructure T,2010-10-26T00:00:00,22656999445,UTAMA
TBLA,Tunas Baru Lampung Tbk.,2000-02-14T00:00:00,5342098939,Utama
TBMS,Tembaga Mulia Semanan Tbk.,1990-05-23T00:00:00,367340000,PENGEMBANGAN
TCID,Mandom Indonesia Tbk.,1993-09-30T00:00:00,201066667,Utama
TCPI,Transcoal Pacific Tbk.,2018-07-06T00:00:00,5000000000,PENGEMBANGAN
TDPM,Tridomain Performance Material,2018-04-09T00:00:00,10485050500,Utama
TEBE,Dana Brata Luhur Tbk.,2019-11-18T00:00:00,1285000000,PENGEMBANGAN
TECH,Indosterling Technomedia Tbk.,2020-06-04T00:00:00,1256300000,PENGEMBANGAN
TELE,Tiphone Mobile Indonesia Tbk.,2012-01-12T00:00:00,7302194889,UTAMA
TFAS,Telefast Indonesia Tbk.,2019-09-17T00:00:00,1666666500,Pengembangan
TFCO,Tifico Fiber Indonesia Tbk.,1980-02-26T00:00:00,4823076400,PENGEMBANGAN
TGKA,Tigaraksa Satria Tbk.,1990-06-11T00:00:00,918492750,PENGEMBANGAN
TGRA,Terregra Asia Energy Tbk.,2017-05-16T00:00:00,2750000000,UTAMA
TIFA,KDB Tifa Finance Tbk.,2011-07-08T00:00:00,1079700000,Pengembangan
TINS,Timah Tbk.,1995-10-19T00:00:00,7447753454,UTAMA
TIRA,Tira Austenite Tbk,1993-07-27T00:00:00,588000000,Pengembangan
TIRT,Tirta Mahakam Resources Tbk,1999-12-13T00:00:00,1011774750,UTAMA
TKIM,Pabrik Kertas Tjiwi Kimia Tbk.,1990-04-03T00:00:00,3113223570,UTAMA
TLKM,Telkom Indonesia (Persero) Tbk,1995-11-14T00:00:00,99062216600,UTAMA
TMAS,Temas Tbk.,2003-07-09T00:00:00,5705150000,UTAMA
TMPO,Tempo Intimedia Tbk.,2001-01-08T00:00:00,1058333250,PENGEMBANGAN
TNCA,Trimuda Nuansa Citra Tbk.,2018-06-28T00:00:00,421640000,PENGEMBANGAN
TOBA,TBS Energi Utama Tbk.,2012-07-06T00:00:00,8049964000,Utama
TOPS,Totalindo Eka Persada Tbk.,2017-06-16T00:00:00,33330000000,UTAMA
TOTL,Total Bangun Persada Tbk.,2006-07-25T00:00:00,3410000000,UTAMA
TOTO,Surya Toto Indonesia Tbk.,1990-10-30T00:00:00,10320000000,PENGEMBANGAN
TOWR,Sarana Menara Nusantara Tbk.,2010-03-08T00:00:00,51014625000,Utama
TOYS,Sunindo Adipersada Tbk.,2020-08-06T00:00:00,1435000001,PENGEMBANGAN
TPIA,Chandra Asri Petrochemical Tbk,2008-05-26T00:00:00,17833520260,Pengembangan
TPMA,Trans Power Marine Tbk.,2013-02-20T00:00:00,2633300000,PENGEMBANGAN
TRAM,Trada Alam Minera Tbk.,2008-09-10T00:00:00,49643627934,UTAMA
TRIL,Triwira Insanlestari Tbk.,2008-01-28T00:00:00,1200000000,PENGEMBANGAN
TRIM,Trimegah Sekuritas Indonesia T,2000-01-31T00:00:00,7109300000,UTAMA
TRIN,Perintis Triniti Properti Tbk.,2020-01-15T00:00:00,4373364328,Pengembangan
TRIO,Trikomsel Oke Tbk.,2009-04-14T00:00:00,26007494645,UTAMA
TRIS,Trisula International Tbk.,2012-06-28T00:00:00,3141443806,PENGEMBANGAN
TRJA,Transkon Jaya Tbk.,2020-08-27T00:00:00,1510200000,Pengembangan
TRST,Trias Sentosa Tbk.,1990-07-02T00:00:00,2808000000,UTAMA
TRUE,Triniti Dinamik Tbk.,2021-06-10T00:00:00,7569850000,Pengembangan
TRUK,Guna Timur Raya Tbk.,2018-05-23T00:00:00,435000000,PENGEMBANGAN
TRUS,Trust Finance Indonesia Tbk,2002-11-28T00:00:00,800000000,PENGEMBANGAN
TSPC,Tempo Scan Pacific Tbk.,1994-06-17T00:00:00,4500000000,Utama
TUGU,Asuransi Tugu Pratama Indonesi,2018-05-28T00:00:00,1777777800,Pengembangan
TURI,Tunas Ridean Tbk.,1995-05-16T00:00:00,5580000000,Utama
UANG,Pakuan Tbk.,2020-07-06T00:00:00,1210000000,PENGEMBANGAN
UCID,Uni-Charm Indonesia Tbk.,2019-12-20T00:00:00,4156572300,UTAMA
UFOE,Damai Sejahtera Abadi Tbk.,2021-02-01T00:00:00,2287500000,UTAMA
ULTJ,Ultra Jaya Milk Industry & Tra,1990-07-02T00:00:00,11553528000,UTAMA
UNIC,Unggul Indah Cahaya Tbk.,1989-11-06T00:00:00,383331363,UTAMA
UNIQ,Ulima Nitra Tbk.,2021-03-08T00:00:00,3138983000,UTAMA
UNIT,Nusantara Inti Corpora Tbk,2002-04-18T00:00:00,75422200,PENGEMBANGAN
UNSP,Bakrie Sumatera Plantations Tb,1990-03-06T00:00:00,2500162344,UTAMA
UNTR,United Tractors Tbk.,1989-09-19T00:00:00,3730135136,UTAMA
UNVR,Unilever Indonesia Tbk.,1982-01-11T00:00:00,38150000000,UTAMA
URBN,Urban Jakarta Propertindo Tbk.,2018-12-10T00:00:00,3232122589,Pengembangan
VICI,Victoria Care Indonesia Tbk.,2020-12-17T00:00:00,6708000000,UTAMA
VICO,Victoria Investama Tbk.,2013-07-08T00:00:00,9150094680,UTAMA
VINS,Victoria Insurance Tbk.,2015-09-28T00:00:00,1460573616,PENGEMBANGAN
VIVA,Visi Media Asia Tbk.,2011-11-21T00:00:00,16464270400,UTAMA
VOKS,Voksel Electric Tbk.,1990-12-20T00:00:00,4155602595,UTAMA
VRNA,Verena Multi Finance Tbk.,2008-06-25T00:00:00,5687353997,PENGEMBANGAN
WAPO,Wahana Pronatural Tbk.,2001-06-22T00:00:00,1240923111,PENGEMBANGAN
WEGE,Wijaya Karya Bangunan Gedung T,2017-11-30T00:00:00,9572000000,UTAMA
WEHA,WEHA Transportasi Indonesia Tb,2007-05-31T00:00:00,886411265,UTAMA
WICO,Wicaksana Overseas Internation,1994-08-08T00:00:00,1268950977,Pengembangan
WIFI,Solusi Sinergi Digital Tbk.,2020-12-30T00:00:00,1947077000,Pengembangan
WIIM,Wismilak Inti Makmur Tbk.,2012-12-18T00:00:00,2099873760,UTAMA
WIKA,Wijaya Karya (Persero) Tbk.,2007-10-29T00:00:00,8969951372,Utama
WINS,Wintermar Offshore Marine Tbk.,2010-11-29T00:00:00,4333137057,UTAMA
WMUU,Widodo Makmur Unggas Tbk.,2021-02-02T00:00:00,12941176500,Utama
WOMF,Wahana Ottomitra Multiartha Tb,2004-12-13T00:00:00,3481481480,Utama
WOOD,Integra Indocabinet Tbk.,2017-06-21T00:00:00,6362500000,Utama
WOWS,Ginting Jaya Energi Tbk.,2019-11-08T00:00:00,2475720000,PENGEMBANGAN
WSBP,Waskita Beton Precast Tbk.,2016-09-20T00:00:00,26361157534,Utama
WSKT,Waskita Karya (Persero) Tbk.,2012-12-19T00:00:00,13573951000,Utama
WTON,Wijaya Karya Beton Tbk.,2014-04-08T00:00:00,8715466600,UTAMA
YELO,Yelooo Integra Datanet Tbk.,2018-10-29T00:00:00,380043598,PENGEMBANGAN
YPAS,Yanaprima Hastapersada Tbk,2008-03-05T00:00:00,668000089,PENGEMBANGAN
YULE,Yulie Sekuritas Indonesia Tbk.,2004-12-10T00:00:00,1785000000,PENGEMBANGAN
ZBRA,Zebra Nusantara Tbk,1991-08-01T00:00:00,856133009,Pengembangan
ZINC,Kapuas Prima Coal Tbk.,2017-10-16T00:00:00,25250000000,Pengembangan
ZONE,Mega Perintis Tbk.,2018-12-12T00:00:00,870171478,PENGEMBANGAN
ZYRX,Zyrexindo Mandiri Buana Tbk.,2021-03-30T00:00:00,1333333300,Pengembangan
